{
  "project_info": {
    "project_number": "28909069071",
    "project_id": "prohelpr",
    "storage_bucket": "prohelpr.appspot.com"
  },
  "client": [
    {
      "client_info": {
        "mobilesdk_app_id": "1:28909069071:android:c35dc53b94bdbf0bbf947a",
        "android_client_info": {
          "package_name": "com.example.prohelpr"
        }
      },
      "oauth_client": [
        {
          "client_id": "28909069071-8vs2mpqaaj9lehob57j0t9i2v7pukrqb.apps.googleusercontent.com",
          "client_type": 3
        }
      ],
      "api_key": [
        {
          "current_key": "AIzaSyCCOWPRhGhFCSDlXfqu4howFjZmSJxwKFk"
        }
      ],
      "services": {
        "appinvite_service": {
          "other_platform_oauth_client": [
            {
              "client_id": "28909069071-8vs2mpqaaj9lehob57j0t9i2v7pukrqb.apps.googleusercontent.com",
              "client_type": 3
            }
          ]
        }
      }
    }
  ],
  "configuration_version": "1"
}